stream_length,tau 
14.0,1.004969945259108 
13.0,1.0048801827899705 
19.0,1.0043437884789552 
17.0,1.0038310259450078 
338.0,2.72596191271071 
338.0,2.7326260090769834 
103.0,1.096626484137876 
117.0,1.1376142415154147 
17.0,1.0034997207320253 
16.0,1.0045082010793034 
12.0,1.0008001654820655 
12.0,1.0025728419393087 
105.0,1.1146578998055572 
105.0,1.1128995878690129 
184.0,1.4109159353774798 
184.0,1.4097441080426116 
166.0,1.37423450029665 
166.0,1.3772897690643477 
10.0,1.0024613576018386 
89.0,1.3812859128083537 
86.0,1.3921268458899867 
144.0,1.778985238798635 
152.0,1.836901324565905 
243.0,3.814799520689469 
112.0,1.3032824000248222 
295.0,5.953094661855729 
291.0,6.034386664216693 
166.0,1.8330060900676997 
165.0,1.8044920207060515 
248.0,3.992525950242929 
249.0,4.1089352473304155 
246.0,2.3923853913863997 
209.0,2.1055161444022477 
285.0,2.395607477818502 
283.0,2.4279140366930125 
267.0,2.4517040278961786 
268.0,2.481216953604569 
208.0,1.9711553275933005 
268.0,2.542300980022077 
358.0,3.096752046536848 
288.0,1.50912376332781 
359.0,3.679556705203629 
347.0,2.9788368148049353 
308.0,1.5289362711575636 
274.0,1.502867950434762 
242.0,1.5492573701888612 
345.0,1.5957779064593431 
310.0,1.2809678819238535 
309.0,1.2765390026980645 
304.0,1.526967248293376 
305.0,1.5259069752994878 
215.0,2.1599101059421733 
213.0,2.2404160004404274 
185.0,2.0625570405489215 
184.0,2.0618354202431117 
309.0,3.7007422751238237 
476.0,2.8123221991354774 
282.0,4.468158727829566 
347.0,3.5320451633553724 
248.0,3.449088804872309 
240.0,3.0857102123714233 
271.0,3.5565508842450435 
264.0,4.145926542291039 
385.0,1.7330898692888241 
418.0,1.7208588049305322 
337.0,1.8066703317361696 
280.0,2.2016384472662516 
270.0,2.6774878344888475 
267.0,2.567540542653022 
343.0,1.8779429648675876 
344.0,1.8751936952527761 
504.0,3.182946968574409 
398.0,1.7714441506092087 
401.0,1.8422433266542726 
270.0,2.534516035595246 
346.0,1.7158251127963593 
346.0,1.6337965708535689 
292.0,1.736706439946541 
347.0,1.6915751890525623 
241.0,1.6521034265388999 
256.0,1.5599053027076712 
247.0,1.8471953112754573 
195.0,1.3721317419995571 
320.0,2.6098060282073603 
319.0,2.6016125411892337 
408.0,3.215161249873283 
369.0,2.475430950608156 
329.0,2.42710292331004 
328.0,2.4254859584551673 
290.0,2.3552414475126957 
370.0,2.4076116085451265 
12.0,1.0039535635759766 
11.0,1.0035766479368147 
15.0,1.003800590318102 
14.0,1.0040542185380634 
335.0,2.7034260391440563 
338.0,2.717020786989884 
103.0,1.087572594533569 
118.0,1.1364198141080526 
203.0,1.959591356479992 
187.0,2.0810176742330215 
340.0,2.7659851587922852 
203.0,1.915614793479461 
168.0,1.7425414116855473 
200.0,1.8301303610220916 
167.0,1.388437224747191 
167.0,1.392127982284047 
290.0,4.704883138624536 
290.0,4.767624419564238 
311.0,6.58968503592698 
310.0,6.538126852109542 
290.0,3.713484118285905 
287.0,3.5403768200800316 
286.0,3.9370674591817507 
285.0,3.862296610362937 
428.0,1.719180762379323 
380.0,1.76593213354266 
289.0,3.4994768179602125 
292.0,3.377821994712438 
331.0,1.7639560541832264 
343.0,1.7346787939181945 
342.0,1.8222308338264785 
409.0,2.958337843019175 
347.0,2.3896438890839673 
415.0,3.1036371445559467 
378.0,3.397097711001996 
378.0,3.38414928226575 
283.0,2.0597644897116556 
349.0,3.0192708858051756 
348.0,3.9746547073595724 
351.0,4.737293896831588 
362.0,1.8945975630675445 
273.0,1.884185747494382 
309.0,2.621104823310253 
227.0,2.044104976208222 
272.0,2.535523554792827 
238.0,2.96800777114331 
233.0,2.003618322868413 
224.0,2.021351395906448 
235.0,2.9252806376942653 
283.0,3.1883456890652253 
271.0,1.723812996949694 
271.0,1.7242870157826653 
256.0,1.6911509362871058 
262.0,1.6934474186514097 
228.0,5.015088481351023 
228.0,6.606557354611569 
15.0,1.0041799918297871 
14.0,1.004481298830014 
12.0,1.0032167404097274 
11.0,1.0028219980329456 
105.0,1.111976720080181 
104.0,1.1101730612127172 
184.0,1.4076965422025942 
184.0,1.4077577214272057 
217.0,1.9181605756605469 
352.0,2.6897209027842006 
209.0,2.1047043674956205 
161.0,1.470532847986326 
199.0,1.8983952150003642 
194.0,1.4627196507020528 
177.0,1.7295955677685133 
169.0,1.6255985002110243 
316.0,3.3643247616218734 
308.0,7.0087724426903835 
195.0,1.4050546997064566 
316.0,3.0420721599832734 
306.0,4.472660365121247 
275.0,2.2126658271056328 
299.0,4.920166484645679 
320.0,4.984205821688869 
331.0,5.270012805779623 
345.0,1.8451191120613364 
341.0,5.436658163592079 
339.0,5.483590437478328 
339.0,1.8797793712371387 
326.0,1.8570876513518015 
425.0,3.3490275507409897 
407.0,3.0968793110937165 
377.0,3.3905150353871547 
360.0,3.79167940837845 
375.0,3.3635316433115943 
376.0,3.375748379964157 
287.0,2.570680208752004 
288.0,2.5939596420875213 
290.0,1.8250726890513678 
288.0,2.552623307865907 
354.0,1.9014513148260135 
233.0,1.907914981379624 
270.0,6.142349916928104 
299.0,1.5852808902349893 
239.0,1.7735220885540528 
243.0,1.8298719233021887 
255.0,6.83700612361892 
252.0,6.821277160827554 
250.0,6.778993277436684 
251.0,8.421126845952271 
254.0,6.784720427726599 
251.0,6.630332021008428 
241.0,12.199150965187142 
230.0,7.773484314615615 
237.0,8.750265909842787 
233.0,9.085210801329707 
228.0,8.84912313322137 
224.0,8.595506072408678 
230.0,8.832795596338988 
238.0,9.74379114535107 
187.0,5.617107591241679 
188.0,5.6420314149985185 
233.0,8.048990497746464 
234.0,7.60362328772495 
6.0,1.0000000596046845 
5.0,1.0017989405794288 
166.0,1.3763016604026255 
148.0,1.361717669294845 
9.0,1.0023359645747276 
9.0,1.0038140947169074 
131.0,1.235691235744871 
131.0,1.2369534506573485 
169.0,1.3849622451463799 
168.0,1.3809971760218416 
209.0,1.9620478598930176 
209.0,1.9344687278506758 
108.0,1.1556277695998618 
109.0,1.1604674395884964 
205.0,1.8424639641175289 
209.0,1.8510342801987438 
203.0,1.8928564101457126 
206.0,1.8492025755151749 
312.0,6.6048225732434735 
314.0,4.313332086399676 
332.0,7.215372622085962 
338.0,8.470773381779997 
268.0,2.080050640990703 
270.0,2.0992530480843516 
276.0,2.2841978042641955 
358.0,1.7832279378981069 
347.0,1.8840816346378186 
282.0,1.7652662221129132 
280.0,1.8086995684589593 
341.0,2.9213932132987708 
382.0,3.829473858518846 
381.0,3.813938117964831 
327.0,1.5608013570491746 
332.0,1.5802298171610314 
414.0,5.388419174370715 
324.0,1.9294265423099264 
271.0,4.128252135279965 
271.0,4.151175313030745 
291.0,1.586011323276011 
290.0,1.588091744337384 
270.0,6.119218789063134 
269.0,5.990893784627663 
257.0,6.803200589438205 
258.0,6.847964107402562 
234.0,5.307630492162976 
240.0,5.45269382191632 
243.0,7.688006359959254 
242.0,7.947162769878631 
237.0,6.020458429658487 
237.0,6.0573109473277365 
249.0,9.052631813123702 
246.0,9.472546462013593 
233.0,5.7947092442183585 
231.0,5.4629321430030835 
241.0,9.145734641647218 
240.0,8.62002210549716 
218.0,4.499392814979065 
216.0,4.40233057755273 
226.0,6.504410699882731 
217.0,5.0276483252086175 
237.0,6.608633092869551 
228.0,6.253359271021669 
217.0,7.763272431192824 
222.0,10.28488001077418 
228.0,8.17237687517802 
227.0,8.098389561639241 
173.0,3.5217788528605922 
101.0,1.3535493733474597 
210.0,6.767140120209533 
207.0,6.242955513391536 
32.0,1.0289331526018242 
53.0,1.04236063276686 
57.0,1.0304427644222063 
107.0,1.139648959619273 
2.0,1.0 
102.0,1.1203198270088077 
100.0,1.1144245402936603 
57.0,1.0529860575883352 
99.0,1.1064385790690123 
87.0,1.1009990032684127 
207.0,1.8388161822094506 
93.0,1.101956086923743 
93.0,1.104282122228311 
214.0,1.6323790346893938 
214.0,1.6312101184729735 
51.0,1.0512647087201994 
51.0,1.052249089010062 
400.0,3.6726003278614243 
389.0,3.9122908594261396 
72.0,1.1329002711209997 
73.0,1.142847872586588 
260.0,1.6051585604863083 
260.0,1.6064754860972037 
127.0,1.281071426950773 
127.0,1.28175807337134 
276.0,3.5171709085775835 
276.0,3.517171507916973 
281.0,2.908495398693148 
281.0,2.9247274953505404 
262.0,5.0297893641659375 
264.0,5.094669107934639 
254.0,3.885846371685756 
262.0,4.00818760078381 
229.0,4.192775599020258 
229.0,4.2267326530496785 
236.0,3.9938782769074344 
235.0,3.9858275203684848 
215.0,3.5843835494306524 
215.0,3.6709492793908556 
247.0,4.588427644385423 
247.0,4.6720971954289 
236.0,4.334393005784085 
236.0,4.33353102554183 
265.0,7.3751755831264045 
265.0,7.475403504722489 
253.0,7.7353275548279665 
254.0,7.931994457943343 
260.0,7.949118219321536 
260.0,8.003403973771062 
248.0,8.882083442502529 
246.0,8.934965809903698 
253.0,8.616229163025501 
253.0,8.74581615747485 
233.0,8.99921366349614 
232.0,8.778558963869909 
234.0,8.792213839702422 
233.0,9.42464454186095 
213.0,7.028452992704575 
207.0,6.86364286183423 
217.0,7.021472257757887 
214.0,7.104958052688364 
70.0,1.1636474776191053 
70.0,1.1589759061229181 
281.0,2.712443108348804 
280.0,2.7533092939089436 
32.0,1.0446054750350828 
34.0,1.047446875134514 
259.0,2.71256523221674 
256.0,2.781260429588964 
256.0,2.0603764117121917 
254.0,2.0346530888313534 
268.0,3.531336236180012 
272.0,3.5550847076873198 
265.0,2.3960676386596704 
274.0,2.5909761176728896 
273.0,6.770736267968243 
271.0,6.861459351024378 
253.0,3.124059975929094 
253.0,3.18973185487064 
267.0,7.8996362729914615 
264.0,8.075605874368947 
278.0,6.006773417925236 
261.0,5.733400785711972 
259.0,8.276968464205552 
258.0,8.411767059122527 
245.0,5.5988325040024085 
242.0,5.648213724627979 
253.0,8.951637630743171 
253.0,8.518435478677635 
244.0,6.116638345646917 
231.0,5.7221833726829745 
241.0,8.760580663999322 
236.0,8.083223644738723 
224.0,5.429751399720181 
229.0,6.111638496905775 
226.0,7.403287311181026 
223.0,6.940685254977827 
223.0,6.064504987984257 
227.0,6.8825161315486785 
192.0,4.418335064111502 
189.0,4.184743663900419 
212.0,7.131518951508146 
191.0,4.225929722319795 
121.0,1.6526755548354757 
170.0,4.184962530855387 
165.0,4.012724991508632 
117.0,1.6601256297186762 
108.0,1.1898142303573633 
101.0,1.2432446622786057 
266.0,2.08341642280646 
267.0,2.1395753698253674 
113.0,1.11170410771177 
114.0,1.116023228020322 
234.0,2.5311480195795775 
238.0,2.6804779146696585 
255.0,2.09651196839771 
255.0,2.1002071286806143 
269.0,4.049347220842108 
269.0,4.113178070035209 
225.0,2.6486295714653716 
234.0,2.603884366624334 
251.0,4.585588401170579 
253.0,5.770880137085327 
257.0,3.5859043649870426 
259.0,3.5002520411449614 
254.0,7.006689845985235 
247.0,6.00737888729934 
265.0,4.8167831228360285 
263.0,5.452645766928518 
234.0,5.53952621297512 
235.0,5.99163567567598 
268.0,7.251989539015874 
260.0,6.680118931456145 
237.0,6.965699465389752 
232.0,6.718350759887044 
259.0,6.4832726784029555 
248.0,7.808532771575497 
225.0,6.533141442025074 
206.0,5.626917437002352 
220.0,4.849792025254435 
225.0,7.211193433228351 
180.0,3.7116022948227316 
177.0,3.8719941051389206 
214.0,7.104459497363884 
196.0,4.968082768434034 
87.0,1.2288327974565056 
178.0,1.4311691074048702 
20.0,1.0167029502481164 
30.0,1.0287184407497265 
245.0,2.415342147120008 
256.0,2.5917707189967705 
277.0,1.8536340995645513 
211.0,1.7413195479606056 
257.0,3.400955091186508 
255.0,3.5150086504550986 
219.0,2.114664241515757 
207.0,2.5021798717426673 
252.0,3.6038833124228264 
261.0,4.119672436560493 
268.0,3.7876720341721155 
249.0,3.482047382783531 
255.0,4.273166865560435 
257.0,4.433911483490683 
250.0,3.669448996279161 
255.0,3.9640422510171374 
247.0,4.3098017999622 
255.0,5.190880189217899 
256.0,4.637087717032953 
255.0,4.609939014284775 
235.0,4.1582284031553804 
241.0,4.968390422878844 
254.0,5.280012699091858 
231.0,3.7689550159776912 
200.0,3.76110199962401 
210.0,5.027426738062314 
219.0,3.653060886730761 
207.0,3.5948263521373582 
207.0,1.3280342088336097 
187.0,1.3843158237931168 
19.0,1.0100469692920455 
20.0,1.0112536097992644 
225.0,2.0711015077241313 
250.0,2.398713898401229 
195.0,1.5753449448707584 
257.0,2.062250503709625 
233.0,2.619382368026943 
246.0,3.3128893015102685 
249.0,2.267840365495902 
243.0,2.3365743336111935 
253.0,4.186640869136478 
250.0,4.0412587876483705 
250.0,3.662226610207263 
258.0,4.658927460159747 
258.0,5.2871870179938245 
256.0,4.891726039994696 
260.0,8.146459895121168 
259.0,8.326063710765421 
254.0,7.275456381192975 
254.0,7.001988816350966 
243.0,5.989586161361198 
242.0,6.472777098229883 
234.0,5.246863230335544 
239.0,5.4862821044798435 
213.0,4.873303679075289 
206.0,4.641212862191014 
166.0,1.1048510342474591 
234.0,1.136447184704376 
25.0,1.0136926279611211 
166.0,1.1572222447180942 
36.0,1.0496002988659447 
270.0,1.5983608929337392 
263.0,2.4521143772431926 
237.0,1.1093573897464368 
234.0,1.11219040193823 
257.0,4.005876124608546 
252.0,4.185769960507291 
258.0,1.9125474022236542 
257.0,1.8960117539013133 
261.0,12.82741782961854 
261.0,12.548895243484147 
249.0,10.437837452700027 
247.0,10.463489491552897 
241.0,7.886737294165711 
237.0,7.675104406723119 
237.0,9.429783581115583 
236.0,9.161076278851597 
230.0,7.739173657470718 
208.0,6.066556092223737 
228.0,8.26834357019243 
220.0,6.528619362311038 
194.0,5.14776639271288 
187.0,4.495059948919504 
208.0,5.70002344654271 
205.0,5.347252576066351 
74.0,1.1849925827320804 
96.0,1.404759812052299 
92.0,1.3755388473171375 
256.0,2.076333266584303 
245.0,7.30730966759938 
240.0,7.158559344499456 
238.0,7.2706357700927144 
253.0,14.587767193494537 
248.0,13.537287991059268 
249.0,12.537596759557063 
247.0,12.814570698832345 
230.0,8.95653313031641 
225.0,8.392809623850255 
238.0,10.774667971029611 
234.0,10.264432684872277 
215.0,7.619155247312018 
212.0,7.26563574864808 
214.0,8.544307874920332 
206.0,7.493435389946924 
205.0,6.187869919634157 
193.0,5.85122088871593 
194.0,8.71541295480426 
192.0,8.118970544137753 
175.0,5.805851684682036 
166.0,4.732100691477641 
177.0,6.823644486054871 
175.0,6.632019127208541 
64.0,1.125122775583784 
72.0,1.099721660306257 
181.0,1.1617478706094369 
37.0,1.0562040770196892 
14.0,1.0110655705482958 
73.0,1.106433861945548 
38.0,1.0575329711486094 
74.0,1.1293314664836036 
28.0,1.0109738553180623 
153.0,1.5452110374249604 
9.0,1.0 
62.0,1.0767431232803004 
13.0,1.0022939438746623 
29.0,1.0421092016394544 
9.0,1.0 
263.0,8.628679618683638 
259.0,7.656934445244607 
256.0,5.182591805526504 
258.0,7.17534852191585 
250.0,10.341149139055526 
247.0,11.702872755014525 
253.0,7.769850425954975 
249.0,8.4837151612927 
242.0,12.351886111937427 
247.0,12.91446984824441 
238.0,9.332445313872453 
236.0,10.15658353580661 
227.0,12.836200971892847 
226.0,9.49860073004435 
225.0,9.726421840603823 
199.0,6.286218076447575 
187.0,6.476723643819131 
193.0,8.73452486214895 
193.0,7.932181252237403 
181.0,5.413114832538561 
179.0,7.279324131534938 
178.0,7.465913658190777 
176.0,7.569129430902063 
174.0,7.14637047154147 
69.0,1.0914396610389654 
69.0,1.0908900041363245 
23.0,1.0100431273182087 
71.0,1.0978750172757503 
26.0,1.0154582786468604 
71.0,1.0960418414751478 
30.0,1.0228030507364159 
72.0,1.1017206980547156 
50.0,1.0929047933274825 
71.0,1.0999299327723855 
164.0,1.1621022619907424 
13.0,1.0017681649227606 
28.0,1.0389032798522497 
26.0,1.035567706578707 
27.0,1.0346394767420106 
230.0,3.0971147381038 
245.0,4.093236835643164 
249.0,1.4493224146644428 
230.0,2.562746284921281 
250.0,5.554995901017814 
249.0,6.117204514822705 
243.0,4.864536741010412 
247.0,5.751677216921471 
243.0,8.65944911861818 
241.0,9.37302791551418 
248.0,8.308214692947832 
249.0,8.563816974521043 
230.0,9.723809722283077 
215.0,7.336792330768279 
235.0,10.4142719874657 
230.0,10.590538138724265 
187.0,6.1439813701892785 
181.0,7.13730314279517 
198.0,7.517035963818861 
181.0,7.088051105059518 
169.0,6.6764376711028754 
164.0,6.025705058443224 
170.0,7.205097039861279 
166.0,6.904016231049124 
68.0,1.090203991553606 
24.0,1.0105420263116038 
68.0,1.0918205870321533 
65.0,1.133686455638509 
70.0,1.0928264092982287 
78.0,1.1661405868792574 
69.0,1.0935917209154133 
185.0,2.630652165646264 
266.0,1.1166472071864317 
243.0,1.4551362498279679 
204.0,1.1263813218576924 
194.0,1.2255013986933632 
241.0,4.425103364494605 
234.0,4.683504468359274 
245.0,4.824289168529362 
247.0,5.316791737845875 
249.0,7.9644230462962 
247.0,8.48534083361108 
219.0,5.2209575540976205 
219.0,5.514726613102218 
237.0,9.207118310351373 
232.0,9.563303433235506 
215.0,6.447113094280393 
211.0,6.525428956541071 
184.0,5.178154665394481 
179.0,5.448783922048447 
201.0,8.249301687432263 
200.0,7.651465851786571 
169.0,5.387325575538565 
164.0,5.6785578097413785 
178.0,5.292179685501332 
176.0,5.301916117841289 
69.0,1.0913832546240607 
72.0,1.134985933777606 
69.0,1.0962568927375527 
72.0,1.1071248096668709 
10.0,1.0010123301389289 
88.0,1.1548985691446465 
7.0,0.9999999801317867 
23.0,1.0108036744458488 
261.0,1.4692136325641156 
234.0,2.5024928016187578 
120.0,1.2701871586246662 
222.0,2.4987979723074005 
214.0,2.9130326156828263 
223.0,3.3223891487857022 
223.0,3.167643113643321 
221.0,3.8529846957539964 
224.0,5.844713333148535 
223.0,6.563138824357225 
234.0,6.308232917877311 
233.0,6.540348683827766 
219.0,7.6848463207570195 
217.0,8.069193216595576 
218.0,6.889554793509543 
215.0,7.038795097469612 
205.0,7.96579012943481 
203.0,7.8205297834962035 
205.0,6.964990929877801 
201.0,6.838239889105285 
172.0,7.9675267644567835 
157.0,5.1500162439513755 
173.0,7.951435313819131 
169.0,7.888952582303854 
124.0,1.1285197416465027 
229.0,1.6684289840103206 
229.0,1.4382969241513954 
230.0,1.5664957412713445 
226.0,3.0652821847320753 
225.0,3.814750490922888 
225.0,2.603761056624907 
223.0,2.5989995537684085 
227.0,4.571622631131429 
227.0,4.848964183660341 
224.0,3.898736664227154 
224.0,4.149975916662508 
224.0,5.555338713229973 
222.0,5.821822916185147 
223.0,5.289092168001937 
221.0,5.490803580702848 
203.0,6.198680157194398 
190.0,5.853432475921521 
187.0,5.595968602744939 
186.0,6.1547847444070705 
172.0,7.958511914389215 
167.0,7.113222568524542 
170.0,7.950824078275771 
166.0,7.946509775355614 
215.0,1.2382333878038803 
200.0,1.3698523201184833 
197.0,1.3317416985332036 
207.0,1.387325643340266 
223.0,1.9052588837533553 
222.0,3.6045985229820463 
195.0,1.5526925687281656 
213.0,3.261260450426306 
223.0,3.7545444203539824 
222.0,4.0744716318957535 
212.0,3.5036053589533114 
210.0,3.5930932172495598 
211.0,4.964193101442955 
209.0,4.991299477941129 
201.0,4.351050031509112 
201.0,4.61256380855794 
188.0,5.975007798094018 
186.0,5.944680457115077 
178.0,5.211831433057777 
177.0,5.20479195102047 
169.0,6.781872123703188 
166.0,7.594144617031615 
171.0,5.416711985620536 
164.0,5.881005650233251 
136.0,1.103221818187387 
227.0,1.2747072804913313 
172.0,1.184245033559617 
173.0,1.2239695501929142 
213.0,1.403223000549149 
145.0,1.405429980297072 
208.0,1.3986218085256643 
206.0,1.4214521157143751 
203.0,3.4177649977493765 
201.0,3.4829191317564065 
177.0,1.8571961602442382 
213.0,2.6519366174331953 
194.0,5.235412412803127 
196.0,5.876048432940237 
196.0,5.330736573732789 
194.0,5.299307982630068 
185.0,6.803035456231278 
180.0,6.242291439919022 
189.0,7.555103491419291 
186.0,7.695451552125544 
175.0,7.4263536776794075 
176.0,8.883382100551126 
173.0,7.420251915531553 
172.0,7.278363076935567 
227.0,1.2459040745194552 
175.0,1.1925904208861653 
231.0,1.3111791620224675 
229.0,1.3147173079950585 
210.0,1.5098086827573025 
202.0,1.4915594507475158 
204.0,1.4153040805528616 
168.0,1.5376756888509882 
196.0,3.1265993288170457 
195.0,3.2832135055233214 
177.0,2.9407182599656028 
173.0,2.962633477386485 
198.0,4.406076227819614 
193.0,5.065181469613782 
193.0,4.080738582788327 
187.0,4.421348791350752 
182.0,5.75230411846642 
181.0,5.604862567063127 
183.0,5.47990935188263 
180.0,5.517742338251552 
172.0,6.872543576401745 
172.0,6.970968086078731 
162.0,4.0009569463985954 
162.0,4.556343419887833 
220.0,1.3869484229174152 
218.0,1.3711313879326643 
170.0,1.232024226371966 
169.0,1.2345001120828225 
182.0,1.440912864280385 
175.0,1.4505859167665938 
292.0,1.454806073060731 
168.0,1.5859328267598354 
205.0,4.207898374613625 
199.0,4.125540031646262 
214.0,5.3771714067370615 
213.0,5.569537651546325 
188.0,3.9988887274834286 
183.0,3.786693863469365 
198.0,5.397119470661822 
188.0,4.820316319575895 
173.0,4.16876694763621 
172.0,4.313915425143697 
166.0,3.9011770126766856 
160.0,3.6708132032289424 
143.0,3.136438767954113 
154.0,3.8313179158593216 
142.0,3.175784319274461 
135.0,3.0204062326149894 
168.0,1.2222250905751582 
164.0,1.2204203113241563 
217.0,1.3635407065373446 
215.0,1.3603776142201744 
130.0,1.3601023181392946 
181.0,1.8103638034720249 
200.0,1.4582307759796127 
203.0,1.4937069987471927 
210.0,4.839438456957357 
206.0,5.3155883208510515 
199.0,4.380710069805486 
194.0,4.387621172783018 
195.0,5.026083292043052 
185.0,4.342512392686335 
189.0,4.842078556033445 
177.0,4.00481104492825 
165.0,3.684577214813587 
162.0,3.6323666719395495 
138.0,2.7347572806694718 
129.0,2.8971872033041532 
137.0,2.860848702907528 
138.0,3.1818404571124255 
113.0,2.710377530721018 
112.0,2.9266961824540165 
16.0,1.0024542886400545 
24.0,1.0066043816987824 
175.0,1.0621529496264015 
210.0,1.1081850682010612 
207.0,1.2330238665926236 
159.0,1.2127970786280151 
189.0,1.2282882439123517 
213.0,1.8560883267921315 
207.0,1.941954828608343 
209.0,2.060019440610665 
163.0,1.72842946104525 
161.0,1.9255703923841176 
202.0,2.524644135138488 
199.0,2.546288199592041 
196.0,4.338450932320339 
199.0,5.498991215820356 
197.0,4.151612375391565 
194.0,4.661329213566298 
193.0,5.491000845892418 
190.0,5.23764715093894 
196.0,6.086165354684844 
193.0,5.951280331856105 
161.0,4.6874926466372635 
147.0,4.321893398282514 
174.0,5.607669707530307 
169.0,5.515470030706909 
111.0,2.7570569802748315 
108.0,2.6734929295448606 
137.0,4.324077372830477 
133.0,4.460014916068457 
104.0,1.026894840827267 
111.0,1.0357921328763264 
209.0,1.0698143349963611 
222.0,1.0719873439434326 
208.0,1.1597947943325364 
119.0,1.1801438226330618 
205.0,1.2650726127896752 
201.0,1.2842760428317395 
120.0,1.2341825844919843 
144.0,1.6001179617972021 
120.0,1.2226616342734924 
119.0,1.242899302925694 
199.0,2.816313526427204 
196.0,2.9693266646541248 
183.0,3.0350274091976646 
196.0,4.256431241574456 
198.0,4.44236981556236 
196.0,4.58352068114508 
188.0,4.054958966753604 
202.0,5.157162241249693 
193.0,5.905544405615821 
192.0,5.978550981951212 
197.0,6.154510202526584 
191.0,5.890053585507453 
202.0,1.092119220841291 
209.0,1.1280363448024224 
168.0,1.1385830431708963 
262.0,1.6236454902069992 
205.0,1.282711301777741 
208.0,1.3299655294776254 
196.0,1.1747580907434962 
198.0,1.1895193960920412 
120.0,1.2320572739246947 
164.0,1.355832057253975 
178.0,1.4354852444285693 
177.0,1.433914250218223 
160.0,1.5726017260753111 
144.0,1.8578028774750575 
149.0,2.192731703076356 
148.0,2.1528607109350655 
181.0,4.061498074139729 
191.0,5.058087963546423 
189.0,6.03324984317956 
191.0,6.7662700493287335 
189.0,5.694151136494669 
185.0,6.145496528302675 
172.0,6.805294602875928 
170.0,6.561260407769752 
2.0,1.0 
118.0,1.0282300090159577 
29.0,1.0086968571170607 
139.0,1.0569642960838481 
126.0,1.15868775812609 
179.0,1.3183421648062947 
131.0,1.1267198501573334 
126.0,1.1390547917048315 
201.0,1.5803667875071115 
195.0,1.7103223251540154 
194.0,1.493287992849195 
200.0,1.5476442436402784 
198.0,2.0972757564040534 
198.0,2.1232535015371914 
157.0,1.822117186532287 
195.0,2.175047327416356 
185.0,3.6089696541925766 
197.0,5.2135114277810555 
181.0,3.9440719622502365 
194.0,4.867278795976537 
179.0,3.440686480024439 
171.0,3.377105945122471 
171.0,5.692534879077095 
211.0,2.2263367159739156 
160.0,5.984689113564347 
202.0,2.1773702431573576 
205.0,2.2234281310154107 
205.0,2.232880651641135 
84.0,1.083472404661133 
97.0,1.083558202291953 
99.0,1.0302111350893393 
128.0,1.0791611415723332 
143.0,1.1021401342017842 
218.0,1.487026880056026 
162.0,1.2165560284532806 
147.0,1.1539359504537139 
186.0,1.2992965806621428 
161.0,1.3029588735477367 
187.0,1.4076325034585433 
201.0,2.140999372110881 
192.0,2.4138675057635455 
203.0,2.5315997928177127 
211.0,2.965493871406947 
209.0,2.978494367664237 
206.0,3.4000584548418997 
205.0,3.365702891557996 
198.0,6.434300959752762 
196.0,6.758577445511875 
189.0,6.923967213201699 
188.0,7.3524414750911165 
172.0,5.148386558154968 
176.0,7.06997862554271 
179.0,7.634562098303734 
173.0,6.844618145688684 
169.0,6.622127806328856 
162.0,5.530087204950576 
159.0,5.575428296711118 
157.0,5.498747214201383 
57.0,1.0184814354934733 
105.0,1.4991076384024071 
213.0,2.0318679597420215 
201.0,1.226748841031509 
193.0,1.1798823138231163 
190.0,1.1584365734973545 
155.0,1.2426400376111693 
164.0,1.3478094713736635 
161.0,1.728749555478911 
174.0,2.0249522622036986 
199.0,2.6821509047415892 
198.0,2.6861120413260506 
198.0,2.68432786333031 
207.0,3.5908631763921863 
204.0,2.856610521836238 
194.0,2.980693167568977 
196.0,3.6859518145162453 
190.0,4.936288412739863 
202.0,4.698562939250694 
203.0,4.816737741333357 
178.0,4.9852792683565585 
186.0,7.33031395518223 
171.0,4.312573956149421 
171.0,4.412417294683087 
176.0,7.202111226346565 
169.0,5.845300477778896 
142.0,3.1348211702755715 
142.0,3.5477497372827678 
158.0,5.593192694408161 
142.0,3.4783594411459386 
134.0,3.310721051337278 
131.0,3.2238529699251854 
11.0,1.0137791653360861 
25.0,1.0023300898901197 
103.0,1.0293083096979851 
100.0,1.0263548437169405 
109.0,1.059231376135553 
131.0,1.0635776253027704 
190.0,1.1301671627687913 
203.0,1.291991991928339 
196.0,1.342815896569596 
201.0,1.2854136822447921 
194.0,1.289828575446942 
171.0,1.467584696909352 
205.0,2.651933061891508 
157.0,1.4131612457998546 
197.0,2.2801236717328117 
192.0,3.140241881372192 
190.0,3.16547240833459 
200.0,4.220375105586931 
201.0,4.886147595511781 
235.0,2.015397197565721 
233.0,2.028662666261028 
209.0,7.19380140913583 
219.0,2.0579581682945385 
202.0,4.397800173010561 
185.0,3.5087122239337796 
216.0,2.1206549972461306 
214.0,2.1336777192474927 
202.0,2.072926238264119 
205.0,2.0829930857057297 
171.0,4.842179711262466 
162.0,3.8726992170148256 
21.0,1.0856032592243194 
10.0,1.0139227747750303 
9.0,1.0154492453197452 
13.0,1.0307333832142926 
33.0,1.1390259513904193 
9.0,1.0158093333259062 
31.0,1.1420898459127629 
9.0,1.0154492425145263 
9.0,1.0011102720403318 
9.0,1.0227853348105804 
11.0,1.0054107768240035 
9.0,1.025301105290263 
27.0,1.101929665528751 
9.0,1.0194614472537116 
28.0,1.118903425304435 
9.0,1.0194558853580955 
35.0,1.1347806707664638 
11.0,1.025056997293985 
18.0,1.0280537376132928 
12.0,1.0135160283351297 
200.0,1.0752427949837502 
210.0,1.0769987701903503 
204.0,1.0757991060338652 
204.0,1.074060767803334 
189.0,1.1448748994057336 
193.0,1.1732911773373536 
190.0,1.128598017090652 
193.0,1.2048273261921703 
192.0,1.2374202517655226 
176.0,1.3032914239915538 
166.0,1.2422546732966278 
178.0,1.2661471401137483 
186.0,1.7379401833281216 
156.0,1.753987033194349 
210.0,4.272942218736834 
204.0,4.556824999627509 
227.0,3.951775248771285 
228.0,4.699536698185171 
218.0,6.693207486787783 
220.0,6.654287331289972 
199.0,4.794137957756509 
211.0,10.42455092662596 
202.0,7.463693543195724 
199.0,7.378340563371912 
245.0,1.9562980677020612 
245.0,1.9583700489012845 
220.0,4.430349426691136 
197.0,4.811593321969763 
240.0,2.0257455436734193 
239.0,2.0249604106599435 
178.0,3.7093974310100415 
178.0,3.567109978878476 
87.0,1.5680549223713123 
78.0,1.2792405759960637 
177.0,1.557978848712898 
114.0,1.369464809019384 
66.0,1.306758578857588 
72.0,1.4686206492582419 
85.0,1.454666339158954 
155.0,1.880135378178472 
71.0,1.2528193057530643 
71.0,1.2467461247682998 
72.0,1.2500185396273322 
70.0,1.244558213296112 
5.0,0.9999999701977522 
11.0,1.0232600738275364 
39.0,1.0405120298190018 
11.0,1.0204421209465637 
145.0,1.4935248003159654 
71.0,1.2346419345172794 
30.0,1.0050093871256536 
41.0,1.0088736587571963 
20.0,1.0027701036938146 
27.0,1.002689332070853 
33.0,1.0051457013249214 
108.0,1.1222601419255014 
106.0,1.0698971720593913 
132.0,1.073892408288171 
182.0,1.1509654942209235 
130.0,1.1609279077281551 
151.0,1.0744837961819338 
138.0,1.0790818025269104 
173.0,1.2752520378146768 
180.0,1.355668931267133 
169.0,1.2532556400066328 
168.0,1.2562169802420526 
201.0,2.362223621127901 
196.0,2.3330398639584136 
175.0,1.3345113241294688 
192.0,1.8340948238394261 
210.0,5.161185776026152 
206.0,5.076305300306669 
192.0,2.6680404597931324 
190.0,2.6341205130029133 
207.0,5.780728566254367 
207.0,5.943925362760912 
196.0,4.255021930687985 
204.0,6.031873647680054 
202.0,5.463216895990989 
231.0,1.9393338033109073 
228.0,2.047136022424662 
210.0,2.0443768089250844 
220.0,2.009715699631779 
218.0,2.019637469343431 
106.0,1.4086115902595109 
107.0,1.4066556848619636 
114.0,1.4891401215049114 
117.0,1.4997082454458897 
117.0,1.5107945485934702 
116.0,1.5063704253206236 
121.0,1.5219593450226465 
122.0,1.5322796481632164 
149.0,3.0189941155594555 
148.0,3.016987922186631 
173.0,4.2399731498063185 
142.0,3.0233885371024196 
146.0,1.5329677746763783 
137.0,1.5789703655548109 
207.0,4.651830474469516 
199.0,5.268297450129595 
63.0,1.1642636406887072 
63.0,1.1663707129864318 
215.0,4.867077983681756 
210.0,4.9306960692681265 
50.0,1.113772674383619 
55.0,1.1296091814076403 
15.0,1.004983421441281 
5.0,1.0077636792954336 
3.0,1.0000000298022655 
29.0,1.004777179175123 
31.0,1.0068799414934726 
26.0,1.0016469982598486 
30.0,1.0044987214145846 
137.0,1.1323969849890867 
138.0,1.1396391600892208 
198.0,1.1416070359844182 
189.0,1.165626738175869 
201.0,1.31906726587866 
194.0,1.1851365144531798 
134.0,1.1500160072605226 
130.0,1.1589399650190504 
185.0,1.4954218491365774 
160.0,1.5269612900704226 
226.0,1.5837272219416458 
137.0,1.2616416318851866 
199.0,1.4177309174384936 
168.0,2.0894609241360187 
197.0,2.488408799760207 
203.0,3.157744056393596 
394.0,9.476851213950674 
190.0,3.2497962039893773 
212.0,6.110211044293418 
212.0,6.369231657077534 
210.0,5.206191465731021 
208.0,5.405335427982194 
209.0,6.3655936713034 
208.0,6.513341334626828 
204.0,6.717898819859722 
202.0,6.6123035062308775 
200.0,6.089679693413363 
197.0,6.114706122667871 
191.0,5.836707492121023 
190.0,5.732333188757757 
191.0,6.0686833986544375 
190.0,5.943947984531046 
179.0,6.163186082886543 
157.0,3.8548737478802395 
216.0,2.1845901091472144 
213.0,2.2776047200637217 
216.0,2.1633809551891816 
219.0,2.196632484439905 
124.0,1.5264394593421633 
139.0,1.5770780509665785 
145.0,1.6062352270618112 
145.0,1.6085017625777134 
150.0,1.6507130626385915 
154.0,1.6107627478953632 
226.0,2.3894465657647204 
223.0,2.3318593504651943 
166.0,3.5845519327632966 
225.0,2.390653556697159 
162.0,3.2837764187537095 
162.0,3.3534077153465502 
255.0,2.782050372802799 
233.0,1.8689802634025297 
175.0,1.7058588244826332 
177.0,1.7301675226939128 
205.0,4.651215523226561 
208.0,4.5916253192377114 
208.0,4.144824305933863 
209.0,4.219726475437017 
201.0,3.2624255413507126 
199.0,3.305332198232342 
192.0,3.2072610089820848 
203.0,4.06037344815738 
56.0,1.1244668491784242 
56.0,1.1241329411054053 
129.0,1.4579750324231673 
128.0,1.3605557376151949 
64.0,1.0986785493218059 
65.0,1.0974570710860894 
201.0,2.31827647974811 
216.0,3.2327618050570175 
197.0,2.5733336671440687 
170.0,1.8289792416711714 
183.0,1.7649290512244877 
185.0,1.3639945138667375 
161.0,1.201035124961887 
89.0,1.0888841538043947 
210.0,1.9709242425635038 
198.0,1.3082683077392891 
175.0,1.2622910267135843 
175.0,1.2611361788873017 
167.0,1.34335902621127 
166.0,1.3364945130149986 
199.0,1.6511702702490982 
195.0,1.627432503173203 
246.0,1.6746059672177063 
275.0,1.644521329476604 
135.0,1.3235190844460467 
258.0,1.6327457272757302 
272.0,1.674908611489359 
157.0,1.8023193828893005 
176.0,2.0945846619619872 
176.0,2.0888548694654814 
308.0,1.8191695949618414 
198.0,3.8354730282363017 
211.0,5.497647333135632 
210.0,5.5248039988962105 
207.0,6.4670022643837095 
205.0,6.397026516683029 
207.0,5.616510247878611 
206.0,5.613383023832857 
201.0,6.164274595597646 
198.0,6.231582856734827 
200.0,5.765330607160188 
199.0,5.623960323173523 
250.0,3.781074645246149 
232.0,4.362794257917874 
183.0,4.980791926527638 
183.0,5.122238937660231 
223.0,3.580922280622713 
173.0,4.464960068016992 
202.0,1.6609339957177423 
193.0,1.654491303801011 
251.0,1.8634406732529505 
128.0,1.5491856397555144 
159.0,3.178765873825828 
152.0,2.9108525715740687 
154.0,2.604686137846552 
151.0,2.394919011897791 
158.0,2.6131066443661295 
161.0,2.5533877399205562 
160.0,2.4269616212118987 
159.0,2.413426371690004 
156.0,1.711055523808762 
158.0,1.7059080419548318 
151.0,1.8892466414810225 
151.0,1.8669475096080728 
201.0,4.194712194679274 
196.0,3.7634205735647903 
191.0,3.484711994827297 
179.0,2.518298060507573 
207.0,3.950822356436105 
199.0,3.3028694545330173 
197.0,3.155651348007867 
193.0,2.4065053488660917 
206.0,2.8021222377419095 
194.0,2.144670947578276 
194.0,2.0946438765365643 
194.0,2.098504323765841 
214.0,3.2749770407274497 
176.0,1.8291357788265177 
212.0,2.2097531684580702 
196.0,2.425368204728317 
172.0,1.3194795866698104 
168.0,1.333651443735982 
186.0,1.996891591045121 
188.0,2.222012695217949 
128.0,1.2938354544618287 
127.0,1.2757812147549168 
193.0,2.3090059192203753 
181.0,1.5438752203336865 
133.0,1.1865788277800895 
133.0,1.1839991143832835 
131.0,1.2004812018164652 
131.0,1.197780474642582 
251.0,1.6330104654047746 
248.0,1.6333788147719062 
284.0,1.572737756665444 
241.0,1.6993274360386397 
195.0,1.7133255460103043 
274.0,1.6656333306036444 
275.0,1.674341937698962 
293.0,1.6270882893805478 
155.0,1.8584509489658827 
154.0,1.8326800465524047 
157.0,1.8971031563766048 
156.0,1.8801834239476225 
203.0,6.74092826380812 
201.0,6.521353101037631 
406.0,2.1312011404469655 
285.0,1.7149001912389756 
199.0,6.298549087978959 
196.0,6.290575684788745 
199.0,7.623851447348331 
198.0,7.493597214668669 
184.0,5.664895147594173 
178.0,5.3803867043549145 
193.0,6.951263130387381 
192.0,6.9958381898555295 
428.0,4.579927212111479 
418.0,4.398343868026845 
174.0,5.640038709348857 
166.0,5.158669832428736 
159.0,2.650330370053141 
159.0,2.65392853026576 
150.0,1.7943012849965947 
149.0,1.7692454181919486 
146.0,1.85545456082811 
143.0,1.735362963098201 
144.0,1.8521904472712665 
143.0,1.797004379602584 
146.0,1.410536834642543 
177.0,2.536907720102054 
272.0,1.799123630369119 
332.0,1.965074971910891 
183.0,2.7839265410566436 
187.0,3.107961444211058 
279.0,1.8101747853225127 
198.0,2.5406510227668093 
187.0,1.9766835069873212 
259.0,3.2112749644440184 
176.0,1.8359462294625013 
189.0,1.9880100236384208 
198.0,2.6251576629940208 
198.0,2.888099143182922 
190.0,2.577839438030355 
183.0,2.5652647899247296 
189.0,2.7234639370004485 
189.0,2.7472610329142424 
196.0,2.9581395456373842 
203.0,3.363987034080059 
202.0,3.1941658560784516 
202.0,3.2239960831049124 
200.0,3.3055544013394407 
199.0,3.3125787756014873 
266.0,1.667551263808371 
158.0,1.4027999302973186 
199.0,3.546064896694829 
198.0,3.524161019469757 
246.0,1.6993284596518319 
240.0,1.7094303839953373 
268.0,1.6616020116409207 
207.0,1.667438536118938 
284.0,1.6350236719257938 
204.0,1.6695825189846536 
282.0,1.641095354169446 
202.0,1.6714116888508328 
203.0,1.7369183232317498 
194.0,1.7053761051249334 
206.0,1.7247654261468912 
205.0,1.7492167854383112 
262.0,1.6872795011291672 
266.0,1.693653324799138 
198.0,1.752650794269291 
197.0,1.749920343081326 
182.0,6.993421512743837 
180.0,6.822143940385771 
228.0,1.7011767329482073 
208.0,1.7613214428618587 
134.0,1.8595983556760625 
183.0,4.067207645075124 
177.0,4.084573477076424 
178.0,3.972044559317787 
184.0,3.8427156298564777 
184.0,3.5377221218716253 
183.0,3.85703770184179 
183.0,3.88368576907188 
273.0,1.7965505211239265 
273.0,1.7973418710670082 
135.0,1.5022691535782846 
136.0,1.5001519264500116 
197.0,2.4846504855564975 
193.0,2.6246793112144355 
191.0,2.653833695279953 
192.0,2.55294622395913 
185.0,2.031190658073774 
190.0,2.022440280379152 
199.0,1.4793629154895496 
186.0,1.847864116092134 
161.0,1.5783217314495543 
180.0,1.4810430358057838 
192.0,1.4545845586812634 
203.0,1.4229581784170717 
198.0,3.3601378455044473 
269.0,1.7250603732468883 
274.0,1.7681032260376535 
203.0,1.7559296198756789 
206.0,3.635312851531496 
196.0,3.37849765227885 
201.0,3.565580514872952 
203.0,1.6131917920399665 
194.0,3.2104373171579144 
193.0,3.250787256169044 
191.0,3.353276779424815 
194.0,3.5359840798307833 
201.0,1.6477809958381813 
199.0,1.649710914048685 
191.0,3.8279937359776253 
194.0,4.42076230684535 
204.0,1.6640586063536584 
203.0,1.6690950501042878 
195.0,1.6712413954464267 
191.0,1.694754271787151 
192.0,7.131346676320739 
192.0,7.693651472130366 
179.0,5.9883882595465 
177.0,5.982604569256552 
186.0,4.070411781502737 
189.0,4.223574797657279 
196.0,1.8248351941677043 
197.0,1.8196428542653689 
184.0,2.353391539675441 
179.0,2.340252826931032 
197.0,1.7096095574645929 
196.0,1.7005900209890368 
196.0,1.5180639895820427 
196.0,1.5162157669440508 
166.0,2.03770277179109 
163.0,2.0305930355718984 
190.0,1.443425949619831 
188.0,1.4378107929253188 
183.0,1.46976503425468 
185.0,1.4549146864771982 
205.0,1.4078101964503593 
205.0,1.405270966559898 
211.0,1.5491420245333514 
202.0,1.5985128786054859 
287.0,1.643407177991352 
283.0,1.6571720246940902 
196.0,1.6108818174017294 
202.0,1.6218208690641545 
189.0,3.422104459139821 
181.0,3.346843893923538 
201.0,1.6542466667413402 
156.0,3.231982616236769 
187.0,3.864654926381082 
181.0,4.9011193704051275 
172.0,4.010626506278896 
156.0,3.2023737624119377 
163.0,1.7996559105435879 
163.0,1.8007663212931224 
250.0,4.261264286135127 
250.0,4.442421660446486 
210.0,2.1772091428277363 
124.0,1.2680568524130738 
269.0,2.699406721116509 
269.0,3.579299731963649 
266.0,2.48379535511438 
270.0,3.2883688049942434 
198.0,1.747744471471647 
206.0,1.9429691442059014 
289.0,1.5164304310333676 
264.0,3.062775035670398 
210.0,1.8182447740319991 
212.0,1.848407727517967 
299.0,1.5070109599515118 
377.0,3.19967221755416 
307.0,1.5442193589372717 
392.0,2.069265328722981 
321.0,1.3832925836891574 
302.0,1.517040822643182 
304.0,1.5246620877956252 
307.0,1.7369338871321653 
310.0,1.2799891787467839 
321.0,1.4372138167179205 
326.0,1.4087087711724309 
284.0,1.523616090917265 
316.0,1.2874016337187617 
320.0,1.3824890195392783 
332.0,1.4392082725955078 
327.0,1.4170572423619237 
206.0,2.543997707535092 
208.0,2.6597146835161607 
198.0,1.890885802440149 
185.0,2.0508558034372677 
474.0,2.7919521032644647 
472.0,2.80186306432308 
298.0,3.9232026687263915 
477.0,2.661551684919945 
263.0,2.600714586293995 
465.0,2.444066721527057 
260.0,4.247262472272023 
272.0,4.0000653902223124 
326.0,2.1495236998930243 
282.0,2.474547512200495 
271.0,3.319141867631581 
279.0,3.797003087610144 
285.0,2.3615848086637476 
407.0,1.7323376172211902 
337.0,1.869605019731273 
331.0,1.8764267157926344 
322.0,1.9237972143164768 
323.0,1.92232258538573 
280.0,2.7393175552233093 
405.0,1.7991955459342521 
338.0,1.5749618821085636 
347.0,1.6331778889297286 
338.0,1.7004196048343776 
333.0,1.9449584803521698 
255.0,1.5611137513191653 
255.0,1.832767885521066 
245.0,1.8196142815620162 
259.0,1.6490727462433956 
350.0,2.1659033231487697 
319.0,2.831002669863306 
368.0,2.4592061381198382 
309.0,2.1843306193929037 
407.0,2.879828820491639 
321.0,2.617060581035366 
325.0,2.7262492421615723 
370.0,2.313660748726174 
261.0,2.539737149447389 
281.0,2.6654021991986907 
282.0,3.024330733873849 
283.0,3.0366547060397893 
281.0,2.6517182001614796 
262.0,2.5648045690283006 
282.0,2.94987102854952 
280.0,3.0067538668625176 
11.0,1.0042828036911637 
11.0,1.0042828276351319 
12.0,1.0046736707934822 
12.0,1.0046736925691884 
19.0,1.003207256153364 
19.0,1.0032072736986948 
62.0,1.0379239251797958 
118.0,1.1466286614234118 
188.0,2.0702616728854992 
188.0,2.0808575888528926 
366.0,2.7386116847724664 
339.0,2.7183247592438264 
196.0,2.140696823824658 
196.0,2.1413691695819064 
168.0,1.3947460516183217 
173.0,1.454864921268331 
295.0,5.080102311223965 
296.0,5.097044290808247 
310.0,6.45797232004996 
308.0,6.116741520214009 
286.0,3.739230935567505 
278.0,3.5514545267447244 
288.0,3.9141793280381805 
296.0,4.317146733740516 
333.0,2.1927983483762694 
285.0,3.3998310153157227 
292.0,3.352259510895956 
293.0,3.393620425059273 
324.0,1.8104466034359792 
397.0,1.8409852717217738 
346.0,1.8221898896178972 
406.0,1.7571066152495924 
290.0,1.765988710712496 
291.0,1.7739537536326475 
378.0,3.5771134471678385 
377.0,3.3859686441800383 
348.0,3.050244543243614 
292.0,1.783268503879813 
348.0,3.9453698911401247 
352.0,4.719161422262205 
379.0,1.9430385116512396 
224.0,1.5353462559736248 
285.0,2.5428895468976593 
228.0,2.048286871022855 
258.0,3.341672544545958 
272.0,2.529205394862583 
277.0,2.481277033715988 
225.0,2.0175750431498747 
241.0,3.165887234203739 
238.0,2.970162124439821 
280.0,1.7057924012924697 
230.0,1.7709396037124756 
262.0,1.6802020062665135 
277.0,1.7039250755938136 
275.0,1.6904864685383727 
270.0,1.7091031116812478 
286.0,1.79029827667493 
246.0,1.6363783179736524 
208.0,5.531644723858187 
211.0,5.40514285721825 
172.0,4.113432353807529 
269.0,1.7953233163555402 
180.0,5.078856442357564 
201.0,6.439318290549 
12.0,1.0051353752020735 
11.0,1.0048333549586002 
10.0,1.0021632149208615 
9.0,1.001834243235774 
105.0,1.1123540838493289 
105.0,1.1126624618364944 
183.0,1.4022886481904941 
183.0,1.4006882282020279 
352.0,2.676443008932167 
377.0,2.700472533278591 
164.0,1.8038070210421162 
105.0,1.1134685536173814 
172.0,1.4799711761899956 
197.0,1.8758600982850813 
172.0,1.636327574767148 
184.0,1.6788608766923923 
321.0,8.324149565030686 
468.0,2.7804248224698007 
356.0,4.1198844113343815 
195.0,1.3886402223122967 
302.0,4.25133154497879 
294.0,3.5333275779130604 
332.0,7.53787089242199 
318.0,7.7770894515196085 
339.0,1.8835808255772934 
395.0,1.7770967582861597 
302.0,4.296040537693924 
285.0,2.2409908237699248 
325.0,1.8446981190572396 
337.0,1.8798613137839635 
417.0,2.9362851256570783 
418.0,2.896507903204626 
375.0,3.356321621099745 
379.0,3.4012089816777276 
356.0,3.804619723616878 
362.0,3.7749940037143612 
288.0,2.569319374270034 
289.0,2.568439176962144 
263.0,1.7231345529581623 
412.0,2.711538583562841 
250.0,1.992895622911621 
227.0,2.034531788417163 
298.0,1.584775197801838 
272.0,6.327216181308742 
244.0,1.8194860448971089 
259.0,1.871929106675974 
257.0,6.5955329927328 
265.0,7.150754786288503 
245.0,6.678581286042709 
247.0,6.8261013376793205 
256.0,6.9316592750828985 
254.0,6.769653302420021 
229.0,7.614458791346864 
242.0,11.644513267614029 
235.0,9.252390715289243 
237.0,9.11412469098613 
227.0,8.742710397774646 
228.0,8.648770896152508 
238.0,9.70945733771801 
231.0,8.623775550940506 
189.0,5.812811764560877 
220.0,8.505997623402038 
235.0,7.925998266300372 
231.0,8.096517981339359 
179.0,5.417530788343916 
182.0,5.53495507521255 
180.0,4.577808688241023 
226.0,8.969386363060922 
107.0,1.6124396461515589 
114.0,1.7741743910877035 
111.0,1.45333697214558 
113.0,1.4748174557056857 
5.0,1.0018673169491947 
6.0,0.9999999880790813 
165.0,1.3738989318425392 
125.0,1.372233373890654 
7.0,1.0024921627821304 
7.0,1.0024921627821304 
131.0,1.2371430494359605 
119.0,1.1528644201423615 
167.0,1.3772207693259952 
167.0,1.3758712459754665 
208.0,1.9412021167796965 
214.0,1.976253775422161 
136.0,1.603276440872999 
116.0,1.2168254702860515 
206.0,1.8487100144267077 
209.0,1.852870330886613 
204.0,1.8489077307547506 
205.0,1.8513872205169943 
314.0,4.326440097082631 
313.0,4.3327140266726305 
332.0,6.009966079783599 
331.0,2.7147001209638977 
268.0,2.073611892451327 
282.0,2.2415951977315425 
358.0,1.7845609106159792 
283.0,2.25301005682888 
347.0,1.8842712630334104 
341.0,1.8587339614018201 
278.0,1.795901612980135 
277.0,1.802733136974494 
380.0,3.7653462049676647 
375.0,3.2771925568808107 
263.0,1.634942515660704 
387.0,4.154355630762361 
255.0,1.8899238555867797 
243.0,1.598439352103024 
271.0,4.1006662218221015 
271.0,4.079371841866107 
290.0,1.5863115946424986 
290.0,1.5869106905789598 
266.0,5.860096521648979 
266.0,5.756151650272482 
259.0,7.001649891669968 
265.0,7.240808640432385 
244.0,5.954668650220539 
244.0,6.033158661151163 
243.0,7.934582406557306 
243.0,7.606965422944916 
237.0,6.029745318152339 
239.0,5.926070791695957 
248.0,9.13263219158104 
249.0,8.857036294141901 
231.0,5.6930406315181195 
230.0,5.460907838690874 
242.0,9.047527291862716 
239.0,8.548646675842594 
213.0,4.273123432117462 
217.0,4.397918673223649 
237.0,8.47599755237457 
234.0,8.034740342159072 
228.0,6.249599399410083 
236.0,6.610949857031021 
226.0,10.358761286625965 
217.0,6.394292470139489 
224.0,7.824737424550953 
226.0,6.633277402007941 
108.0,1.3885490665918203 
189.0,4.91794201260174 
182.0,3.616067769419286 
207.0,5.902295899498037 
35.0,1.0288172618920508 
36.0,1.0294682122734309 
131.0,1.5420078276292288 
116.0,1.2127379626147667 
101.0,1.1188406139201728 
100.0,1.1173088535034343 
99.0,1.1074765391355652 
99.0,1.1074843271607338 
207.0,1.8349785377641872 
207.0,1.8417433768256743 
93.0,1.1049828168327247 
100.0,1.1167266052678233 
212.0,1.6178409290534632 
214.0,1.6334563225101615 
51.0,1.0522489778017923 
51.0,1.0532507357956375 
403.0,3.720874522995638 
243.0,1.7969951473803616 
73.0,1.143100879423744 
72.0,1.133195696521316 
261.0,1.6354275197116481 
230.0,1.7167135863055951 
127.0,1.2821682227251627 
127.0,1.2813619865506063 
269.0,3.381814716231573 
275.0,3.126566850980888 
282.0,2.9438421779509913 
283.0,2.802969420270614 
259.0,5.02735206364385 
262.0,5.111206417400588 
261.0,3.945491700168813 
275.0,3.851336869207978 
226.0,3.947800972181719 
245.0,3.8389088948127514 
235.0,3.96723842948781 
225.0,3.386359304117154 
215.0,3.672408565075834 
216.0,3.577817411559709 
247.0,4.66736916698458 
249.0,4.686739576045414 
229.0,4.339493869981877 
230.0,4.458824911944651 
265.0,7.444867562933247 
266.0,6.977910682772069 
253.0,7.76681212389587 
239.0,5.042019706865886 
259.0,7.821737582413255 
261.0,7.895961153837777 
246.0,9.028528394951046 
247.0,8.857459716880289 
253.0,8.750862220646885 
253.0,8.65291241816543 
231.0,8.800748811325448 
234.0,8.855335736183445 
232.0,9.198702969734338 
236.0,8.712269521975118 
208.0,6.9433519848201275 
211.0,7.008075741788223 
214.0,7.226883849950248 
216.0,6.954213940111491 
65.0,1.1527047245787807 
40.0,1.029342961395275 
277.0,2.6321639280118507 
255.0,2.293051711309857 
33.0,1.0493710002105971 
30.0,1.0522197316252213 
278.0,2.9032109524437044 
273.0,2.5337597876782305 
253.0,2.0367516814960522 
253.0,2.025887358491344 
271.0,3.4863801351836003 
271.0,2.7500673188039046 
274.0,2.5969418834791242 
274.0,2.5960480164034405 
271.0,6.874796564458214 
272.0,6.951736926367644 
222.0,3.1803329255524018 
223.0,3.168699148417071 
264.0,8.200220457387593 
264.0,8.204656959071961 
267.0,7.254953904697076 
251.0,5.641560162701881 
258.0,8.34222503517718 
258.0,8.185945971589348 
243.0,5.596730635535581 
243.0,5.653931472195904 
251.0,8.683172503533138 
251.0,8.47000040178093 
232.0,5.687811441964098 
243.0,5.6900214094427914 
240.0,8.779872975443158 
238.0,8.43891540825622 
228.0,5.9519872495507755 
222.0,5.622215998438926 
222.0,7.052178582460187 
227.0,6.78380012266069 
229.0,7.063669457507952 
228.0,6.913865654883859 
191.0,4.152079388103533 
191.0,4.162531090580012 
191.0,4.191116333969509 
193.0,4.399840318419386 
173.0,4.107040329185252 
175.0,4.107512450540483 
117.0,1.6549723521844226 
119.0,1.658458858336149 
122.0,1.230376027370121 
94.0,1.0522331699676881 
2.0,1.0 
274.0,2.176724950295062 
273.0,2.105682471983559 
153.0,1.1805478144064037 
119.0,1.1165600636718775 
218.0,2.7423299685080558 
217.0,2.6951079691270006 
253.0,2.1012602090868833 
252.0,2.0971511202131174 
263.0,3.8750044818423253 
263.0,3.7942504414061555 
234.0,2.580517476085042 
234.0,2.5890783276481 
252.0,5.72239716092383 
250.0,5.54012890202945 
260.0,3.707243344770617 
259.0,3.6109458081785526 
247.0,6.541568361805188 
249.0,6.232538065619584 
264.0,5.85784371907525 
264.0,5.663209347428161 
235.0,6.300576774093983 
237.0,6.2045110029530255 
260.0,6.788327641862126 
261.0,6.700709853965532 
230.0,6.488367818259373 
230.0,6.499591435698343 
246.0,7.70805615841059 
249.0,7.336821815718578 
213.0,6.307710718843957 
207.0,5.921760600105382 
224.0,7.322791329934418 
225.0,7.65258623995472 
176.0,4.160608792515907 
175.0,4.27796753837345 
187.0,4.0802007995711165 
187.0,4.073533591836371 
177.0,1.4325338658793818 
264.0,2.170002965095004 
40.0,1.0422245133808665 
40.0,1.0439864448831655 
231.0,2.3829722104591533 
198.0,2.0693083163740504 
222.0,1.8551354440951953 
203.0,2.1270363165680415 
254.0,3.531253292791609 
254.0,3.5422743294787407 
205.0,2.4622032561059237 
236.0,2.7538055657146723 
260.0,4.158392774256884 
260.0,4.120633912474764 
251.0,3.550732938049526 
256.0,3.8658243124523253 
256.0,4.494623648966529 
253.0,4.392548107164617 
256.0,4.083151825362154 
256.0,4.070585594405663 
243.0,4.511770563136631 
246.0,4.553532869116042 
242.0,4.049312063092258 
244.0,4.1873582885500005 
238.0,5.048706778335331 
238.0,5.0121876101970315 
227.0,3.677841873026043 
226.0,3.594844605439794 
219.0,6.829453874610515 
213.0,7.088663206818797 
209.0,3.4963916086445708 
207.0,3.492863248711836 
210.0,2.0192281139706103 
258.0,2.1411956868207795 
81.0,1.2046232948882303 
82.0,1.2180438120683588 
250.0,2.429670065810877 
250.0,2.4245038652063546 
256.0,2.06390222566583 
255.0,2.1010265012668086 
257.0,3.8253823537392133 
258.0,4.095360146623196 
248.0,2.5219095237327855 
249.0,2.5863454355358955 
251.0,4.2353934292300695 
250.0,4.222688018008084 
266.0,6.5471368184864485 
264.0,6.395431097611486 
254.0,4.712441163038864 
257.0,5.343109557188364 
263.0,8.632081461137346 
263.0,8.824137492504072 
253.0,6.398799144907761 
253.0,6.616977911788136 
241.0,6.31912298177611 
239.0,5.948122573485788 
234.0,4.931382622970402 
229.0,4.688974821000365 
229.0,5.090360545929076 
210.0,4.464316191958411 
237.0,1.1397693112401663 
236.0,1.137898444620658 
58.0,1.1121190913455097 
58.0,1.1128364066461078 
255.0,2.2873242954345008 
253.0,2.3219185124977795 
233.0,1.144288605418274 
232.0,1.1418132718496554 
261.0,4.959317640273704 
261.0,6.685825073729783 
249.0,5.757479968576023 
243.0,5.2393920544023835 
259.0,12.312209784887708 
255.0,10.931526810957667 
244.0,9.677685741341683 
245.0,10.19922787504963 
237.0,7.67048259575723 
236.0,7.694814768798347 
235.0,9.3244435016133 
235.0,8.957406556745552 
203.0,5.407564744474521 
199.0,4.975869650590092 
219.0,6.482164085053737 
217.0,6.267926949016941 
26.0,1.0280754941777788 
26.0,1.0292607743314812 
17.0,1.010544705406582 
30.0,1.0172035127092958 
175.0,1.6774814616179974 
174.0,1.6863896645779035 
151.0,1.5732887885979214 
230.0,4.557194697530311 
242.0,7.2084946007491615 
244.0,7.625548079603856 
253.0,12.027600661533382 
251.0,11.27716689662462 
243.0,11.680820680261824 
240.0,10.560974680595491 
246.0,12.35592854707136 
246.0,12.519653361704918 
226.0,8.673360709231659 
226.0,8.673363286381242 
224.0,8.032217680528758 
220.0,8.69549240936852 
211.0,6.735378472795949 
211.0,6.778655555610283 
208.0,7.651145768033145 
207.0,7.38162143748622 
257.0,10.076788304474006 
256.0,10.109230389832442 
257.0,6.890867603730065 
255.0,6.463516410686279 
247.0,12.815908910974862 
246.0,11.773262052554989 
246.0,9.192683719498332 
246.0,9.515309445641785 
242.0,12.537320420878446 
241.0,12.255205515962071 
232.0,10.508032173540299 
234.0,11.066000757373446 
225.0,9.76964141561359 
211.0,7.5379086777558575 
208.0,7.454414798591756 
215.0,9.170996758347787 
194.0,6.861855903245995 
190.0,8.854006082958879 
183.0,7.174431924768789 
184.0,6.996071093944087 
174.0,6.692655150267384 
173.0,6.830042438611441 
173.0,7.105722602995816 
176.0,7.357679454518072 
244.0,3.917223956000728 
244.0,3.9108165449538603 
229.0,2.6684903051474165 
231.0,2.5644397942659216 
249.0,7.542052716978836 
249.0,7.52423746443413 
246.0,5.803954794156381 
247.0,5.755928283531427 
237.0,9.266119610254773 
236.0,9.743542808894762 
245.0,9.585747006961464 
249.0,9.119987187936935 
213.0,7.56217029818952 
212.0,7.52593029790364 
215.0,7.262490969028319 
225.0,10.699649881018846 
180.0,6.94010776869012 
180.0,6.473719979109724 
179.0,6.442906554268163 
178.0,6.63086450573719 
164.0,6.014292538345813 
168.0,6.835229020138438 
163.0,6.421079816580207 
164.0,6.497321715172012 
229.0,1.8222461496863858 
226.0,1.2528670981348884 
228.0,2.819259348116705 
230.0,1.7661132461413271 
237.0,5.143112354672913 
233.0,4.6508987017057715 
242.0,6.241735386989996 
238.0,5.168151730218495 
247.0,8.655570354826825 
248.0,8.539762252018827 
219.0,5.52671033658333 
219.0,5.446246626973008 
223.0,9.765825057537617 
224.0,10.2132365837305 
209.0,6.798848830260002 
209.0,6.793699145095932 
176.0,5.689468198585198 
237.0,3.3392576817565907 
184.0,5.040490186367114 
184.0,5.2374601423401295 
161.0,5.66074610286789 
162.0,5.920348990013655 
174.0,5.621212627044915 
176.0,6.144702317520388 
238.0,2.793474564760341 
237.0,2.701284526631017 
216.0,2.5579829531787253 
231.0,2.8755899559757956 
217.0,4.853069672348755 
213.0,4.620889294883686 
217.0,4.485747183321777 
217.0,4.534654653660508 
222.0,6.963294682190075 
222.0,6.922434373993868 
231.0,6.921179847112281 
231.0,6.806159483199454 
214.0,8.569607395544965 
213.0,8.340719219650197 
213.0,7.138842650784027 
213.0,7.097810054399763 
196.0,7.189718711011591 
199.0,7.576939844267995 
199.0,6.691596153308155 
201.0,7.059455447595943 
170.0,7.053063569291783 
166.0,5.7649874213405825 
168.0,7.739881406847094 
171.0,7.783301338253588 
140.0,1.2164597292376669 
227.0,1.789576849201138 
228.0,1.736155583602665 
227.0,1.7101714832047417 
217.0,3.8412158668546197 
217.0,3.8431116201787865 
258.0,3.378143874382609 
258.0,3.4733955301633364 
227.0,5.647217423299907 
227.0,5.666155075754619 
224.0,4.252412058931638 
224.0,4.26207285234649 
213.0,6.085650721879839 
212.0,6.0283108940953865 
221.0,5.721532748271511 
213.0,5.205624013662784 
187.0,5.909039717653304 
187.0,5.882229684538869 
183.0,6.731873113547549 
183.0,6.716585860371367 
166.0,7.212249979678228 
166.0,7.009813349248144 
162.0,8.33130703998773 
160.0,7.718252348433476 
196.0,1.4662980996376398 
197.0,1.4616618767730183 
210.0,1.4513909877941427 
203.0,1.4484779386790114 
222.0,3.5819951710405693 
203.0,2.852854941085916 
197.0,2.747271184108414 
215.0,3.341844495009526 
222.0,4.154457334288038 
222.0,4.164404090996689 
209.0,3.570476116331311 
209.0,3.5709768905987658 
200.0,5.542304420300649 
202.0,5.4018177791343875 
198.0,5.29582087717089 
197.0,5.157103609919201 
184.0,6.039105892246196 
184.0,6.04683524159497 
176.0,5.140952128431802 
176.0,5.1409512458923 
166.0,8.150055450891138 
163.0,8.098012676919202 
165.0,7.145318449793435 
161.0,5.902219309642999 
221.0,1.3035802607273372 
226.0,1.2805037265962615 
224.0,1.2602204510239117 
226.0,1.2659865255508964 
169.0,1.722104543650741 
143.0,1.4503180585309108 
208.0,1.6159666040622833 
209.0,1.6420890547707028 
200.0,3.5676583383736493 
199.0,3.5660097140497773 
207.0,3.46902954838707 
208.0,3.697601422733869 
187.0,5.281118256455369 
187.0,5.281115350729643 
191.0,6.340046887376102 
194.0,5.760133857008188 
180.0,6.342927045468109 
181.0,6.505881347625954 
185.0,7.6998069416115165 
184.0,7.613919154301994 
175.0,8.733491794781854 
174.0,8.518288676924158 
164.0,5.926783173944162 
164.0,5.934220154184708 
233.0,1.2769751345416387 
221.0,1.3639460408629347 
220.0,1.3043839452476005 
227.0,1.305674037517815 
184.0,1.4924212826261753 
183.0,1.4975428959153825 
195.0,2.309554371771429 
196.0,2.3140419052093524 
195.0,3.469662008231111 
195.0,3.5289099643337223 
172.0,2.9731718558576863 
172.0,2.954987514105311 
192.0,5.1371608912405975 
193.0,5.27867427898847 
185.0,4.277469884470303 
185.0,4.2787606198936645 
180.0,5.642502403236675 
182.0,5.7276077882201415 
180.0,5.542109466275932 
180.0,5.613996606254855 
172.0,7.101663823397476 
171.0,6.981084619773563 
160.0,4.497805023389056 
161.0,4.282992308007881 
168.0,1.1751193594237395 
167.0,1.1782677759489713 
143.0,1.133364619082295 
171.0,1.1900409463905968 
218.0,1.3685689444046332 
218.0,1.3647988376125795 
169.0,1.2391512829493518 
169.0,1.2389163668236236 
212.0,1.776525425639565 
208.0,1.771361103922738 
161.0,1.5741333510476199 
163.0,1.579148859026603 
196.0,4.108978630819464 
197.0,4.084509674763363 
211.0,5.8193323039432805 
211.0,5.828399045374918 
184.0,3.7760220422551343 
184.0,3.820396587208121 
186.0,4.755559789584249 
186.0,4.750798105174575 
170.0,4.217031296478298 
171.0,4.17811389772732 
154.0,3.3059371803681317 
162.0,3.603665597070221 
153.0,3.795234647535343 
154.0,3.765330090122166 
134.0,2.986041466345536 
132.0,2.941857778484954 
130.0,1.0959171555245457 
130.0,1.1000349881799325 
217.0,1.1201625298715085 
203.0,1.2210414684895812 
168.0,1.2468571761146938 
168.0,1.2449991809776393 
165.0,1.199634692885353 
166.0,1.2199313840848924 
179.0,1.8421895984723389 
179.0,1.8328830863364958 
156.0,1.8318095043193614 
207.0,2.7589631318763765 
204.0,5.311734175400654 
204.0,5.237519955871267 
194.0,4.7518935722869555 
194.0,4.717103957946894 
183.0,4.367642514207822 
186.0,4.836099864148522 
177.0,4.28816081555915 
176.0,4.178532959681498 
160.0,3.574710297266186 
160.0,3.5747092207378426 
127.0,2.9014706100668906 
127.0,2.9242669825873624 
130.0,3.461943890976924 
136.0,3.1213445270629863 
117.0,3.8253833951708667 
117.0,3.674240415696212 
203.0,1.0963560524826061 
176.0,1.0628978069502206 
118.0,1.1808444835894492 
167.0,1.1843605281847194 
214.0,1.4197095206671588 
166.0,1.3385541042738036 
211.0,2.274934180996831 
359.0,1.4913685997063237 
159.0,1.9609978183597345 
159.0,1.9664697741399522 
196.0,2.4666277923654905 
168.0,2.180988963706587 
198.0,5.562345097708169 
198.0,5.557156054216482 
193.0,4.788988891357732 
193.0,4.842573422763582 
186.0,5.143008304943198 
187.0,5.2139299687391665 
190.0,5.902901872145216 
186.0,5.9604347320309925 
142.0,4.299620381568757 
128.0,3.100861438470338 
168.0,5.406696972809326 
167.0,5.330213544341645 
107.0,2.7125549806495446 
119.0,4.314981744269078 
113.0,3.1518540262665518 
114.0,3.1551167312224786 
220.0,1.0965581447584056 
136.0,1.0526564595344834 
216.0,1.1250090462905196 
220.0,1.1166634245770104 
118.0,1.182821146876123 
118.0,1.1822834958070758 
200.0,1.295220649927769 
153.0,1.2159853398131346 
162.0,1.9554893682221308 
161.0,1.9560162448163965 
164.0,1.3664818786881956 
165.0,1.3749442049486928 
202.0,4.100894324709832 
196.0,2.900285954783683 
200.0,4.769318656239441 
200.0,4.7849400036038405 
195.0,4.814773618856164 
195.0,4.899795590180645 
201.0,5.568818533399393 
201.0,5.557987516556144 
189.0,6.138114123445873 
188.0,6.176994187772152 
189.0,6.03470080477968 
190.0,6.056607882455497 
168.0,5.522794078478896 
171.0,4.5822779919906615 
176.0,4.672877603214376 
175.0,4.5394292824022475 
128.0,3.8750203125601974 
116.0,3.3710992874566585 
142.0,3.2391575672361568 
142.0,3.2391560068976757 
111.0,1.0459048028482456 
111.0,1.0457664372950053 
204.0,1.2091498825744742 
201.0,1.1898609152093127 
265.0,1.6296547950884872 
267.0,1.6295079167288664 
205.0,1.3588523133619594 
208.0,1.3510540233060897 
192.0,1.1930543320061315 
202.0,1.4431483178694549 
140.0,1.4324473618202758 
141.0,1.4393293325251162 
137.0,1.4031095880041553 
139.0,1.4106908067714565 
156.0,2.0294158362565806 
156.0,2.0588749020848733 
197.0,2.8140757410714277 
147.0,2.101488190844703 
190.0,5.068093128152393 
191.0,5.147236411056655 
190.0,6.47003182333828 
190.0,6.4362601350036925 
178.0,6.221286568568127 
178.0,5.848120586802348 
170.0,6.753131282853567 
170.0,6.782913247574834 
115.0,1.0347982449367643 
72.0,1.0450739619867018 
119.0,1.0252848650414041 
118.0,1.0263359318933927 
198.0,1.373261778859859 
190.0,1.1320395752500645 
125.0,1.1485475474660398 
156.0,1.2446034646772426 
200.0,1.7590293333437415 
192.0,1.2096894227746882 
154.0,1.367055392326165 
197.0,1.602590722582982 
197.0,2.1605933347299193 
197.0,2.110642613756286 
200.0,2.0981882253733444 
197.0,2.12781386810734 
196.0,5.005379057427726 
185.0,3.4969761564881745 
193.0,4.85579988453502 
188.0,3.8532163372656045 
182.0,3.0315199588712294 
181.0,3.0271818154034973 
212.0,2.224189650376162 
210.0,2.197432964683991 
201.0,2.1641413649547365 
201.0,2.1736675826485135 
156.0,5.890124288121061 
136.0,3.8729103828228504 
103.0,1.0845595506155645 
28.0,1.0117439445017096 
205.0,1.1113643174213121 
208.0,1.1026430631042825 
292.0,1.4675204010937855 
289.0,1.4650437609391977 
124.0,1.1470147515335998 
124.0,1.1392504811048554 
167.0,1.3307799583345923 
169.0,1.2788037625726714 
202.0,2.164613154557799 
113.0,1.2183595720463327 
200.0,2.5061840680805743 
198.0,2.2660045549972856 
199.0,1.77983298215408 
203.0,1.7658178551639607 
206.0,3.309379563408317 
208.0,3.2622714362878824 
196.0,7.000274226678157 
202.0,5.895958970381752 
189.0,8.228399344123197 
189.0,8.497154501331908 
168.0,5.225062290583123 
167.0,5.250409382274363 
173.0,6.880729322052586 
173.0,6.8366145032678745 
162.0,5.574736948791229 
161.0,5.5397577746792255 
157.0,5.49778211255403 
157.0,5.468315975153102 
209.0,1.3965103316086485 
273.0,1.4117841539213105 
245.0,1.5782120382858043 
201.0,1.2367062972208265 
183.0,1.207093087237077 
178.0,1.334887855564524 
185.0,1.5023404292860738 
185.0,1.4850161554144774 
175.0,1.882948556731534 
162.0,1.44325037017216 
198.0,2.6903576711796853 
185.0,2.219991674829197 
210.0,3.5612198953446628 
212.0,3.5202092326394343 
207.0,3.8984688052311225 
209.0,4.319339053466505 
194.0,5.453275266407938 
195.0,3.559707188731206 
193.0,4.926117427124863 
185.0,4.507364217675594 
185.0,7.126412808418933 
185.0,7.1815382141767605 
172.0,4.868291195086685 
171.0,4.833509941810648 
168.0,5.872495633243055 
168.0,5.895237519377856 
141.0,3.519888574183636 
142.0,3.530378459299785 
139.0,3.362656577644925 
140.0,3.4004040853497504 
126.0,3.049280062265602 
129.0,3.1689290096369 
8.0,1.0320581436132956 
16.0,1.0361460490713976 
5.0,1.0403426686383124 
104.0,1.0285828429048784 
142.0,1.0650793732151091 
124.0,1.076322745528567 
124.0,1.07666892151049 
195.0,1.1805814891164488 
195.0,1.1954472883631744 
194.0,1.3355144413310736 
187.0,1.2720369017018327 
166.0,1.2420303295057236 
174.0,1.2341050547293493 
199.0,3.4583557079011626 
205.0,2.812677569518838 
191.0,2.522792987366222 
190.0,2.5282305336844892 
190.0,3.165826132832997 
188.0,2.8932366988432348 
205.0,5.059827754003875 
208.0,5.074878231571049 
231.0,2.032032174713882 
183.0,2.9552016137399244 
220.0,2.0599056632038253 
219.0,2.060368905716384 
185.0,3.6617140726375967 
181.0,3.6502814016319616 
214.0,2.159186073963728 
214.0,2.1224979781802644 
202.0,2.0573572224421364 
203.0,2.0077490434694627 
162.0,3.864986966542755 
161.0,3.8848429031177076 
14.0,1.034763133379871 
21.0,1.082515343812271 
23.0,1.0838087807413923 
15.0,1.0270592330078823 
68.0,1.403113108769489 
15.0,1.034976664976727 
69.0,1.4127693093421796 
7.0,1.0057133048399256 
14.0,1.034763133379871 
5.0,1.0046748750221792 
13.0,1.0246345562706167 
74.0,1.3251009732111803 
13.0,1.034654360939332 
74.0,1.3298077820273977 
15.0,1.0374601130854804 
12.0,1.026141568237544 
16.0,1.0362154685804599 
4.0,1.0297324633756364 
88.0,1.0288029665829004 
132.0,1.0753230952205375 
132.0,1.074575761125679 
203.0,1.0895958685282807 
203.0,1.0894141919986118 
193.0,1.0873157248721208 
192.0,1.0962766126405905 
192.0,1.1760192769097573 
192.0,1.1769839261485284 
175.0,1.2061795947940483 
184.0,1.2438123455681795 
177.0,1.3151467858625934 
180.0,1.3940186242550532 
178.0,1.2726758321794551 
180.0,1.4464326982151556 
174.0,2.316175474208895 
174.0,2.3639821060251505 
212.0,4.609301869489034 
187.0,2.5064035437002574 
225.0,4.652508304427612 
223.0,3.921116370303212 
224.0,5.910093743567535 
228.0,6.681120338379239 
209.0,9.35540613272435 
197.0,6.673162803682458 
199.0,7.539523074892264 
199.0,7.338828249203121 
244.0,1.9626146936247189 
244.0,1.9684767863402683 
214.0,4.4513875078784855 
213.0,4.195760928710038 
237.0,2.0565190058420972 
266.0,1.8519473546729333 
178.0,3.6085755280458662 
179.0,3.546786930824643 
91.0,1.3200936158424863 
162.0,1.5882872927831138 
105.0,1.4072163636259933 
108.0,1.433265812462226 
70.0,1.2861797159294857 
72.0,1.308203210360645 
119.0,1.5391546341743514 
119.0,1.5277316945971424 
73.0,1.2634103315192942 
33.0,1.135087829981912 
70.0,1.2444057073592747 
101.0,1.7140643195797487 
39.0,1.04495665297392 
70.0,1.2317530295967711 
40.0,1.041772944301792 
29.0,1.0038289344373217 
127.0,1.0829933262758198 
185.0,1.1622418659200933 
184.0,1.1650912982186221 
164.0,1.0898680080236238 
164.0,1.0940323835716697 
160.0,1.2332355113468252 
170.0,1.2362950587292896 
142.0,1.1697046235472326 
132.0,1.155392874520418 
178.0,1.4384596456631886 
178.0,1.4357731754462488 
178.0,1.262820837311217 
176.0,1.282956259251927 
197.0,2.3526642862930296 
213.0,5.388479838709286 
192.0,1.9750479899140192 
193.0,1.9678769413675896 
207.0,5.260118414766061 
211.0,5.436810341994597 
203.0,4.055333572363273 
203.0,4.052402013690963 
206.0,5.785209003651367 
205.0,5.706188155362229 
211.0,7.132635672369749 
212.0,7.154523347206292 
192.0,5.0429502952099154 
192.0,5.0061543183383845 
209.0,2.025753252475091 
211.0,2.0594625120377947 
212.0,2.116300236887424 
209.0,2.1023745587452014 
114.0,1.4865944359634538 
116.0,1.486452521927305 
121.0,1.532862029804077 
140.0,1.5805184259641687 
117.0,1.495608891090564 
121.0,1.5198905037841592 
125.0,1.5502939592597453 
145.0,1.6610264157502626 
157.0,3.175063347794639 
72.0,1.2452886619604473 
142.0,3.0227661161113946 
143.0,2.9999767896247045 
135.0,1.564242510540857 
71.0,1.2379240176509636 
197.0,4.78333235368376 
198.0,4.785219138037051 
65.0,1.1873636934439977 
65.0,1.1984819332971968 
271.0,2.9103410246393615 
146.0,1.5353402092996644 
21.0,1.0118332209396947 
57.0,1.1388773511740897 
126.0,1.621212579281984 
144.0,1.6623232024769403 
144.0,1.6628827277790899 
178.0,1.1605581441761201 
181.0,1.1546720644230355 
199.0,1.2711015409433526 
187.0,1.2575149312669445 
201.0,1.361953115193609 
203.0,1.3134652910687585 
138.0,1.2149925172679505 
137.0,1.214980781238477 
146.0,1.3858576074435855 
161.0,1.5360409722206962 
223.0,1.6333224653961418 
165.0,1.5863966617061194 
182.0,2.0196316514245303 
168.0,2.076516205570273 
216.0,3.443190245200341 
201.0,3.151429847118795 
213.0,5.376648899891508 
255.0,1.8312726471372394 
211.0,6.391391880224911 
212.0,6.37106393416905 
203.0,5.651687215277473 
203.0,5.891574456721766 
206.0,6.5081694911423495 
207.0,6.639887731030995 
202.0,6.619799672266719 
200.0,6.43888625213355 
197.0,6.1527945093404295 
197.0,6.213962499855627 
190.0,5.773068070434504 
190.0,5.792826728726638 
182.0,5.496216901825339 
181.0,5.238937983275251 
216.0,2.135615873911682 
215.0,2.1713659580342353 
214.0,2.2720879316970555 
210.0,2.2416835102660317 
267.0,1.862900419260993 
267.0,1.9073480773472096 
146.0,1.611866821269009 
147.0,1.618530525540653 
211.0,1.7085369321311865 
200.0,1.6116774864903283 
169.0,3.624930192455897 
227.0,2.404079782031522 
163.0,3.2664731347724407 
209.0,2.239301039946836 
224.0,2.3794623162176234 
169.0,3.72681523798414 
274.0,2.1473276027323585 
162.0,3.358502055865003 
234.0,1.8721776815886275 
256.0,2.7976053139347847 
173.0,1.6297508065030326 
178.0,1.793963599551473 
207.0,4.495052651310459 
202.0,4.013868884995748 
210.0,4.265089598610649 
209.0,4.1192146786166 
199.0,3.304669945961875 
124.0,1.4066869242201443 
193.0,3.247349775302741 
199.0,3.280553785305155 
56.0,1.124132962085999 
56.0,1.1242125672051815 
129.0,1.3673236635534651 
122.0,1.3755753741334518 
66.0,1.1034132957176639 
66.0,1.1045393137445938 
204.0,2.7494984094222623 
206.0,2.742752759173043 
105.0,1.2295808139022781 
73.0,1.0936607197024657 
178.0,1.3443325806375301 
180.0,1.9710127229308299 
89.0,1.089052370834111 
89.0,1.088389891136334 
199.0,1.3118623448194129 
161.0,1.22636455098181 
176.0,1.2689893078808503 
176.0,1.2698186823469801 
190.0,1.5688424750558458 
189.0,1.5670103927175625 
305.0,1.6834761450434492 
305.0,1.7213623069234634 
282.0,1.63182990942883 
281.0,1.6712146496361366 
155.0,1.4195186528471584 
204.0,1.5058217568094883 
157.0,1.8206096941493257 
157.0,1.8309657084394229 
190.0,2.6000473701718936 
185.0,3.154885927622687 
206.0,6.660804382927091 
206.0,6.5501800778502055 
209.0,5.577720305871618 
209.0,5.611544859222405 
205.0,6.34112876056141 
203.0,6.2656972543202984 
204.0,5.847511197746232 
203.0,5.86251444023667 
198.0,6.170072055646146 
197.0,5.939267043052677 
197.0,5.9058138493627546 
189.0,5.184823635339227 
234.0,3.68856502131207 
245.0,4.112672977088146 
169.0,3.6708576819748733 
174.0,4.274521635818941 
170.0,4.301271900497707 
169.0,4.2293207664482075 
315.0,3.049901448739311 
135.0,1.577269173406236 
147.0,2.8364975779765844 
149.0,2.6800766551296777 
153.0,2.822769747332809 
158.0,2.5330526900997286 
156.0,2.5446815447165827 
159.0,2.5843493240026074 
167.0,2.571569179499721 
168.0,2.5400936549380626 
160.0,2.548851531831064 
165.0,2.66785945890658 
158.0,1.6901662762044576 
157.0,1.690798060097486 
148.0,1.7521190928240402 
149.0,1.69067765921491 
197.0,3.745021013353952 
198.0,3.6870666298167327 
181.0,2.5170996529527025 
183.0,2.528213661806204 
194.0,3.0076836647997323 
208.0,2.8270473769369855 
195.0,2.6451094925353167 
205.0,2.801886366783568 
199.0,2.1824040114694503 
204.0,3.1050657717923436 
188.0,2.05609733795706 
214.0,2.249946663076235 
174.0,1.816964596393548 
176.0,1.8192016282150258 
383.0,3.681745735972057 
197.0,2.27529809091114 
166.0,1.3420785868928267 
174.0,1.8540681744690501 
186.0,2.4515565332369693 
196.0,2.7602468938565896 
126.0,1.2711884109221432 
140.0,1.2748805612388132 
275.0,1.6737352034312765 
183.0,1.5417515310324377 
129.0,1.2041648894421135 
238.0,1.7224415672875923 
256.0,1.721634094187287 
255.0,1.7176718817748962 
287.0,1.6602815197898164 
289.0,1.6057922595100966 
288.0,1.5570064237725334 
282.0,1.5801347280336007 
275.0,1.6634054635771482 
156.0,1.8707145025424243 
266.0,1.6815835325601878 
195.0,1.6951201405937182 
154.0,1.853714445792111 
155.0,1.8141115044278606 
157.0,1.885595665449947 
155.0,1.8873794891393176 
201.0,7.023984678273588 
200.0,6.380256207878452 
193.0,7.610926722940265 
198.0,7.49906368553818 
195.0,6.382726755357178 
193.0,6.288341290329633 
196.0,7.051400891448827 
194.0,7.007470085964914 
131.0,1.5439672695841136 
152.0,2.5659596685071593 
147.0,2.581674949208702 
151.0,2.6544856312062195 
155.0,2.610174986858665 
156.0,2.656910266382093 
153.0,2.62917235671592 
148.0,1.8224971044014044 
161.0,2.6386056873277464 
160.0,2.570941871968545 
136.0,1.8128571928344446 
140.0,1.829659862168484 
148.0,1.8461117243298406 
144.0,1.567583930238889 
149.0,1.7437625972271262 
268.0,1.8040436651518195 
176.0,2.4705886655366545 
191.0,2.4356889171550367 
278.0,1.8020091997561647 
273.0,1.8093524996357349 
185.0,2.1736358680279007 
183.0,2.128494403859023 
194.0,2.5767969074606096 
201.0,2.5349028494907304 
266.0,3.087476042203056 
270.0,3.1183780894299074 
189.0,1.911513433061332 
189.0,1.9068780337223206 
207.0,3.3228072318012525 
204.0,3.212258234873899 
182.0,2.5636407594902617 
189.0,2.4953624435401176 
198.0,3.0652194895266778 
199.0,3.20231649883832 
202.0,3.50510651970175 
201.0,3.4998468124779376 
202.0,3.2388198522819747 
199.0,3.195460391676469 
198.0,3.2727514999055103 
197.0,3.2747740318599505 
167.0,1.3707699385371321 
156.0,1.4060015826906513 
197.0,3.5231861990263895 
197.0,3.5656428708611947 
247.0,1.6953730708839143 
266.0,1.6501443922859413 
206.0,1.6654098368441443 
205.0,1.6643431261130142 
208.0,1.695224814944966 
277.0,1.648934497291118 
203.0,1.668232014788493 
207.0,1.748817017772196 
200.0,1.7429970117189222 
198.0,1.7501870206269936 
199.0,1.7201004566967038 
193.0,1.7123671489529044 
266.0,1.5931338718893275 
182.0,6.821410090782361 
194.0,1.7437262317043942 
190.0,1.7393494123291946 
178.0,6.770705482096392 
178.0,6.863003809601005 
173.0,6.4810449414307545 
164.0,5.699621019036276 
182.0,3.936394471898013 
137.0,1.828743188907249 
178.0,3.940750077202186 
180.0,3.8175482544990076 
184.0,3.527845421907617 
188.0,3.9417668826784404 
184.0,3.894452078688755 
183.0,3.868699894782921 
242.0,2.0599935594736642 
200.0,2.5795150402792584 
195.0,2.5417440426981686 
196.0,2.523464110263491 
198.0,2.499644537538985 
197.0,2.765437584973051 
185.0,2.5384040230845337 
186.0,2.694489495102356 
271.0,1.8227208756227298 
201.0,1.4918850914765909 
270.0,1.8689993069878204 
200.0,1.4667009831737488 
185.0,2.71299849674763 
206.0,1.410771699033589 
202.0,1.450942369374842 
276.0,1.8396457793300713 
276.0,1.7658481867614333 
196.0,3.548634844794158 
288.0,1.7112929525627592 
202.0,1.7713549231377221 
195.0,3.30661860719357 
194.0,3.330096116170385 
200.0,3.5778729645985985 
199.0,1.620257022333849 
192.0,3.2666497353380812 
192.0,3.686396406546861 
187.0,3.3972170862362114 
186.0,3.465101294697992 
206.0,1.6785991987029314 
205.0,1.6870079157694402 
195.0,1.6935323422737747 
194.0,1.6820423005616116 
190.0,6.127348459144412 
190.0,6.281186142105057 
197.0,1.7035957549200813 
180.0,5.972836925466218 
191.0,7.638649049397192 
188.0,8.110438384022341 
176.0,6.082474235197625 
185.0,7.326275538760712 
172.0,2.0737301218818844 
198.0,1.5003439108132886 
175.0,4.17334204068914 
175.0,4.359680061901211 
205.0,1.3957339776135516 
210.0,1.7296272111248234 
176.0,4.59009485884081 
174.0,4.528795616771065 
214.0,1.494956864853688 
216.0,1.4869985380547233 
181.0,4.119820607331488 
170.0,3.345621431258249 
194.0,1.6492730925948516 
196.0,1.6514657949099543 
202.0,1.6274522033712147 
161.0,3.8847484107746078 
182.0,3.4109837097693325 
151.0,1.6884312019447858 
153.0,3.1685340510299516 
153.0,3.1757350931670336 
181.0,5.207267162609121 
178.0,5.366423147571684 
157.0,3.579689497435055 
70.0,1.3671458022260794 
